{
  "chart": {
    "result": [
      {
        "timestamp": [
          1729717652,
          1729728120
       ],
        "indicators": {
          "quote": [
            {
              "open": [
                61807.7109375,
                61798.4375
              ],
              "low": [
                61807.7109375,
                61798.4375
              ],
              "volume": [
                0,
                0
              ],
              "close": [
                61807.7109375,
                61798.4375
              ]
            }
          ]
        }
      }
    ],
    "error": null
  }
}
